origin,dest,jobs_thousands
NL10,NL10,7551.7
NL10,NL00,7563.2
NL10,ND99,11.5
NL10,PV20,242.4
NL10,PV21,248.9
NL10,PV22,195.7
NL10,PV23,513.8
NL10,PV24,142.0
NL10,PV25,872.2
NL10,PV26,649.7
NL10,PV27,1360.2
NL10,PV28,1575.4
NL10,PV29,144.3
NL10,PV30,1150.9
NL10,PV31,456.2
NL10,CR01,47.1
NL10,CR02,15.5
NL10,CR03,179.8
NL10,CR04,121.2
NL10,CR05,46.6
NL10,CR06,81.1
NL10,CR07,72.6
NL10,CR08,59.8
NL10,CR09,63.3
NL10,CR10,174.5
NL10,CR11,70.4
NL10,CR12,268.9
NL10,CR13,305.4
NL10,CR14,157.7
NL10,CR15,313.9
NL10,CR16,95.2
NL10,CR17,649.7
NL10,CR18,135.9
NL10,CR19,96.0
NL10,CR20,72.4
NL10,CR21,80.6
NL10,CR22,58.8
NL10,CR23,813.5
NL10,CR24,103.2
NL10,CR25,167.4
NL10,CR26,370.6
NL10,CR27,113.1
NL10,CR28,119.5
NL10,CR29,633.5
NL10,CR30,171.3
NL10,CR31,38.7
NL10,CR32,105.7
NL10,CR33,282.1
NL10,CR34,206.6
NL10,CR35,295.5
NL10,CR36,366.6
NL10,CR37,122.9
NL10,CR38,93.5
NL10,CR39,239.7
NL10,CR40,142.0
NL00,NL10,7753.9
NL00,NL00,7776.3
NL00,ND99,22.5
NL00,PV20,244.5
NL00,PV21,249.9
NL00,PV22,198.1
NL00,PV23,521.5
NL00,PV24,145.0
NL00,PV25,892.4
NL00,PV26,671.3
NL00,PV27,1387.6
NL00,PV28,1616.5
NL00,PV29,147.9
NL00,PV30,1191.5
NL00,PV31,487.8
NL00,CR01,47.7
NL00,CR02,15.8
NL00,CR03,180.9
NL00,CR04,121.6
NL00,CR05,46.8
NL00,CR06,81.4
NL00,CR07,73.1
NL00,CR08,61.2
NL00,CR09,63.8
NL00,CR10,175.9
NL00,CR11,71.3
NL00,CR12,274.3
NL00,CR13,309.1
NL00,CR14,161.3
NL00,CR15,322.0
NL00,CR16,100.0
NL00,CR17,671.3
NL00,CR18,140.2
NL00,CR19,96.8
NL00,CR20,73.5
NL00,CR21,81.8
NL00,CR22,59.4
NL00,CR23,831.5
NL00,CR24,104.3
NL00,CR25,171.1
NL00,CR26,379.0
NL00,CR27,119.6
NL00,CR28,122.2
NL00,CR29,649.1
NL00,CR30,175.6
NL00,CR31,40.5
NL00,CR32,107.4
NL00,CR33,293.7
NL00,CR34,214.1
NL00,CR35,304.1
NL00,CR36,379.7
NL00,CR37,136.5
NL00,CR38,98.6
NL00,CR39,252.6
NL00,CR40,145.0
ND99,NL10,202.2
ND99,NL00,213.1
ND99,ND99,10.9
ND99,PV20,2.0
ND99,PV21,0.9
ND99,PV22,2.4
ND99,PV23,7.7
ND99,PV24,3.1
ND99,PV25,20.2
ND99,PV26,21.6
ND99,PV27,27.4
ND99,PV28,41.1
ND99,PV29,3.6
ND99,PV30,40.6
ND99,PV31,31.6
ND99,CR01,0.6
ND99,CR02,0.3
ND99,CR03,1.1
ND99,CR04,0.4
ND99,CR05,0.2
ND99,CR06,0.3
ND99,CR07,0.5
ND99,CR08,1.4
ND99,CR09,0.5
ND99,CR10,1.4
ND99,CR11,0.8
ND99,CR12,5.5
ND99,CR13,3.7
ND99,CR14,3.6
ND99,CR15,8.1
ND99,CR16,4.8
ND99,CR17,21.6
ND99,CR18,4.4
ND99,CR19,0.8
ND99,CR20,1.2
ND99,CR21,1.3
ND99,CR22,0.7
ND99,CR23,18.0
ND99,CR24,1.2
ND99,CR25,3.7
ND99,CR26,8.4
ND99,CR27,6.5
ND99,CR28,2.7
ND99,CR29,15.6
ND99,CR30,4.3
ND99,CR31,1.8
ND99,CR32,1.8
ND99,CR33,11.6
ND99,CR34,7.4
ND99,CR35,8.5
ND99,CR36,13.1
ND99,CR37,13.6
ND99,CR38,5.1
ND99,CR39,12.9
ND99,CR40,3.1
PV20,NL10,251.0
PV20,NL00,251.2
PV20,ND99,0.1
PV20,PV20,199.0
PV20,PV21,9.9
PV20,PV22,23.2
PV20,PV23,4.2
PV20,PV24,1.1
PV20,PV25,2.9
PV20,PV26,2.5
PV20,PV27,4.1
PV20,PV28,2.4
PV20,PV29,0.0
PV20,PV30,1.3
PV20,PV31,0.3
PV20,CR01,40.9
PV20,CR02,14.2
PV20,CR03,143.9
PV20,CR04,4.4
PV20,CR05,0.7
PV20,CR06,4.8
PV20,CR07,14.6
PV20,CR08,6.0
PV20,CR09,2.7
PV20,CR10,2.3
PV20,CR11,0.5
PV20,CR12,1.4
PV20,CR13,1.4
PV20,CR14,0.8
PV20,CR15,0.5
PV20,CR16,0.3
PV20,CR17,2.5
PV20,CR18,1.3
PV20,CR19,0.2
PV20,CR20,0.1
PV20,CR21,0.1
PV20,CR22,0.1
PV20,CR23,2.2
PV20,CR24,0.3
PV20,CR25,0.1
PV20,CR26,0.7
PV20,CR27,0.1
PV20,CR28,0.1
PV20,CR29,0.9
PV20,CR30,0.3
PV20,CR31,0.0
PV20,CR32,0.0
PV20,CR33,0.3
PV20,CR34,0.4
PV20,CR35,0.2
PV20,CR36,0.3
PV20,CR37,0.0
PV20,CR38,0.0
PV20,CR39,0.1
PV20,CR40,1.1
PV21,NL10,269.4
PV21,NL00,269.5
PV21,ND99,0.2
PV21,PV20,10.9
PV21,PV21,221.5
PV21,PV22,7.9
PV21,PV23,5.7
PV21,PV24,3.9
PV21,PV25,2.9
PV21,PV26,2.9
PV21,PV27,8.4
PV21,PV28,3.0
PV21,PV29,0.1
PV21,PV30,1.8
PV21,PV31,0.2
PV21,CR01,0.3
PV21,CR02,0.3
PV21,CR03,10.3
PV21,CR04,111.3
PV21,CR05,42.3
PV21,CR06,67.9
PV21,CR07,3.3
PV21,CR08,0.9
PV21,CR09,3.7
PV21,CR10,4.4
PV21,CR11,0.7
PV21,CR12,0.5
PV21,CR13,1.6
PV21,CR14,0.4
PV21,CR15,0.7
PV21,CR16,0.3
PV21,CR17,2.9
PV21,CR18,3.0
PV21,CR19,0.4
PV21,CR20,0.5
PV21,CR21,0.1
PV21,CR22,0.3
PV21,CR23,3.4
PV21,CR24,0.6
PV21,CR25,0.2
PV21,CR26,1.0
PV21,CR27,0.1
PV21,CR28,0.1
PV21,CR29,1.1
PV21,CR30,0.4
PV21,CR31,0.0
PV21,CR32,0.1
PV21,CR33,0.5
PV21,CR34,0.5
PV21,CR35,0.3
PV21,CR36,0.4
PV21,CR37,0.0
PV21,CR38,0.0
PV21,CR39,0.1
PV21,CR40,3.9
PV22,NL10,205.9
PV22,NL00,206.1
PV22,ND99,0.1
PV22,PV20,25.7
PV22,PV21,4.9
PV22,PV22,144.8
PV22,PV23,15.9
PV22,PV24,0.9
PV22,PV25,3.7
PV22,PV26,2.5
PV22,PV27,3.4
PV22,PV28,2.3
PV22,PV29,0.0
PV22,PV30,1.4
PV22,PV31,0.3
PV22,CR01,5.2
PV22,CR02,0.4
PV22,CR03,20.2
PV22,CR04,1.3
PV22,CR05,0.4
PV22,CR06,3.2
PV22,CR07,52.1
PV22,CR08,48.7
PV22,CR09,44.0
PV22,CR10,12.8
PV22,CR11,1.0
PV22,CR12,2.1
PV22,CR13,2.1
PV22,CR14,0.4
PV22,CR15,0.9
PV22,CR16,0.2
PV22,CR17,2.5
PV22,CR18,0.7
PV22,CR19,0.2
PV22,CR20,0.1
PV22,CR21,0.1
PV22,CR22,0.1
PV22,CR23,1.9
PV22,CR24,0.3
PV22,CR25,0.1
PV22,CR26,0.6
PV22,CR27,0.1
PV22,CR28,0.1
PV22,CR29,1.0
PV22,CR30,0.2
PV22,CR31,0.0
PV22,CR32,0.0
PV22,CR33,0.3
PV22,CR34,0.4
PV22,CR35,0.2
PV22,CR36,0.4
PV22,CR37,0.1
PV22,CR38,0.0
PV22,CR39,0.2
PV22,CR40,0.9
PV23,NL10,515.8
PV23,NL00,516.3
PV23,ND99,0.5
PV23,PV20,2.1
PV23,PV21,3.7
PV23,PV22,14.1
PV23,PV23,426.5
PV23,PV24,5.8
PV23,PV25,39.8
PV23,PV26,7.7
PV23,PV27,6.5
PV23,PV28,4.4
PV23,PV29,0.0
PV23,PV30,3.9
PV23,PV31,1.1
PV23,CR01,0.3
PV23,CR02,0.1
PV23,CR03,1.8
PV23,CR04,1.1
PV23,CR05,0.6
PV23,CR06,1.9
PV23,CR07,1.5
PV23,CR08,2.8
PV23,CR09,9.8
PV23,CR10,130.1
PV23,CR11,51.9
PV23,CR12,244.5
PV23,CR13,23.9
PV23,CR14,10.5
PV23,CR15,4.7
PV23,CR16,0.6
PV23,CR17,7.7
PV23,CR18,0.5
PV23,CR19,0.1
PV23,CR20,0.1
PV23,CR21,0.3
PV23,CR22,0.1
PV23,CR23,4.4
PV23,CR24,0.9
PV23,CR25,0.3
PV23,CR26,1.7
PV23,CR27,0.1
PV23,CR28,0.4
PV23,CR29,1.4
PV23,CR30,0.5
PV23,CR31,0.0
PV23,CR32,0.0
PV23,CR33,0.9
PV23,CR34,0.9
PV23,CR35,0.9
PV23,CR36,1.2
PV23,CR37,0.4
PV23,CR38,0.1
PV23,CR39,0.6
PV23,CR40,5.8
PV24,NL10,182.3
PV24,NL00,183.1
PV24,ND99,0.9
PV24,PV20,0.3
PV24,PV21,1.5
PV24,PV22,0.9
PV24,PV23,6.3
PV24,PV24,99.5
PV24,PV25,10.3
PV24,PV26,12.3
PV24,PV27,45.2
PV24,PV28,3.6
PV24,PV29,0.0
PV24,PV30,2.0
PV24,PV31,0.5
PV24,CR01,0.0
PV24,CR02,0.0
PV24,CR03,0.3
PV24,CR04,0.4
PV24,CR05,0.6
PV24,CR06,0.5
PV24,CR07,0.1
PV24,CR08,0.1
PV24,CR09,0.6
PV24,CR10,5.6
PV24,CR11,0.3
PV24,CR12,0.3
PV24,CR13,8.7
PV24,CR14,0.6
PV24,CR15,0.7
PV24,CR16,0.4
PV24,CR17,12.3
PV24,CR18,1.0
PV24,CR19,0.3
PV24,CR20,0.3
PV24,CR21,0.5
PV24,CR22,0.7
PV24,CR23,32.6
PV24,CR24,9.9
PV24,CR25,0.4
PV24,CR26,1.1
PV24,CR27,0.1
PV24,CR28,0.3
PV24,CR29,1.2
PV24,CR30,0.4
PV24,CR31,0.0
PV24,CR32,0.0
PV24,CR33,0.5
PV24,CR34,0.4
PV24,CR35,0.4
PV24,CR36,0.6
PV24,CR37,0.2
PV24,CR38,0.1
PV24,CR39,0.2
PV24,CR40,99.5
PV25,NL10,910.4
PV25,NL00,912.3
PV25,ND99,1.9
PV25,PV20,0.9
PV25,PV21,2.6
PV25,PV22,1.8
PV25,PV23,41.1
PV25,PV24,7.5
PV25,PV25,708.1
PV25,PV26,64.0
PV25,PV27,18.6
PV25,PV28,19.6
PV25,PV29,0.4
PV25,PV30,38.8
PV25,PV31,6.8
PV25,CR01,0.2
PV25,CR02,0.1
PV25,CR03,0.8
PV25,CR04,0.9
PV25,CR05,0.3
PV25,CR06,1.3
PV25,CR07,0.3
PV25,CR08,0.4
PV25,CR09,1.1
PV25,CR10,14.3
PV25,CR11,12.5
PV25,CR12,14.3
PV25,CR13,233.7
PV25,CR14,137.4
PV25,CR15,269.5
PV25,CR16,67.6
PV25,CR17,64.0
PV25,CR18,0.8
PV25,CR19,0.3
PV25,CR20,0.4
PV25,CR21,0.7
PV25,CR22,0.5
PV25,CR23,12.8
PV25,CR24,3.2
PV25,CR25,1.0
PV25,CR26,4.7
PV25,CR27,0.5
PV25,CR28,1.6
PV25,CR29,5.1
PV25,CR30,6.6
PV25,CR31,0.0
PV25,CR32,0.4
PV25,CR33,3.1
PV25,CR34,5.0
PV25,CR35,23.2
PV25,CR36,7.6
PV25,CR37,4.7
PV25,CR38,0.8
PV25,CR39,1.4
PV25,CR40,7.5
PV26,NL10,593.6
PV26,NL00,594.3
PV26,ND99,0.7
PV26,PV20,0.6
PV26,PV21,0.7
PV26,PV22,0.5
PV26,PV23,4.1
PV26,PV24,5.0
PV26,PV25,36.6
PV26,PV26,432.9
PV26,PV27,66.1
PV26,PV28,32.1
PV26,PV29,0.3
PV26,PV30,12.8
PV26,PV31,1.9
PV26,CR01,0.0
PV26,CR02,0.0
PV26,CR03,0.5
PV26,CR04,0.2
PV26,CR05,0.2
PV26,CR06,0.2
PV26,CR07,0.2
PV26,CR08,0.1
PV26,CR09,0.3
PV26,CR10,1.8
PV26,CR11,1.0
PV26,CR12,1.3
PV26,CR13,21.2
PV26,CR14,1.5
PV26,CR15,6.8
PV26,CR16,7.2
PV26,CR17,432.9
PV26,CR18,0.5
PV26,CR19,0.3
PV26,CR20,0.5
PV26,CR21,1.1
PV26,CR22,0.8
PV26,CR23,46.7
PV26,CR24,16.2
PV26,CR25,2.9
PV26,CR26,7.5
PV26,CR27,1.3
PV26,CR28,7.1
PV26,CR29,9.0
PV26,CR30,4.3
PV26,CR31,0.0
PV26,CR32,0.2
PV26,CR33,2.2
PV26,CR34,3.1
PV26,CR35,4.1
PV26,CR36,3.4
PV26,CR37,0.5
PV26,CR38,0.4
PV26,CR39,1.1
PV26,CR40,5.0
PV27,NL10,1246.4
PV27,NL00,1248.1
PV27,ND99,1.7
PV27,PV20,1.1
PV27,PV21,2.4
PV27,PV22,0.9
PV27,PV23,3.5
PV27,PV24,14.2
PV27,PV25,11.1
PV27,PV26,52.1
PV27,PV27,1099.1
PV27,PV28,47.4
PV27,PV29,0.5
PV27,PV30,11.8
PV27,PV31,2.3
PV27,CR01,0.0
PV27,CR02,0.1
PV27,CR03,0.9
PV27,CR04,1.0
PV27,CR05,0.8
PV27,CR06,0.7
PV27,CR07,0.3
PV27,CR08,0.2
PV27,CR09,0.4
PV27,CR10,1.4
PV27,CR11,0.7
PV27,CR12,1.4
PV27,CR13,4.8
PV27,CR14,1.5
PV27,CR15,3.1
PV27,CR16,1.8
PV27,CR17,52.1
PV27,CR18,123.8
PV27,CR19,92.9
PV27,CR20,68.1
PV27,CR21,71.6
PV27,CR22,54.3
PV27,CR23,622.7
PV27,CR24,65.7
PV27,CR25,13.6
PV27,CR26,15.0
PV27,CR27,2.4
PV27,CR28,4.0
PV27,CR29,10.9
PV27,CR30,1.8
PV27,CR31,0.1
PV27,CR32,0.3
PV27,CR33,2.4
PV27,CR34,3.4
PV27,CR35,2.5
PV27,CR36,3.3
PV27,CR37,0.5
PV27,CR38,0.4
PV27,CR39,1.5
PV27,CR40,14.2
PV28,NL10,1592.6
PV28,NL00,1594.3
PV28,ND99,1.8
PV28,PV20,0.8
PV28,PV21,1.0
PV28,PV22,0.7
PV28,PV23,2.5
PV28,PV24,2.2
PV28,PV25,13.8
PV28,PV26,47.4
PV28,PV27,83.6
PV28,PV28,1398.4
PV28,PV29,3.2
PV28,PV30,35.9
PV28,PV31,2.9
PV28,CR01,0.0
PV28,CR02,0.2
PV28,CR03,0.6
PV28,CR04,0.4
PV28,CR05,0.4
PV28,CR06,0.3
PV28,CR07,0.3
PV28,CR08,0.1
PV28,CR09,0.3
PV28,CR10,0.9
PV28,CR11,0.5
PV28,CR12,1.1
PV28,CR13,3.2
PV28,CR14,1.7
PV28,CR15,3.3
PV28,CR16,5.6
PV28,CR17,47.4
PV28,CR18,1.2
PV28,CR19,0.9
PV28,CR20,1.9
PV28,CR21,4.9
PV28,CR22,1.4
PV28,CR23,69.4
PV28,CR24,3.9
PV28,CR25,147.5
PV28,CR26,329.6
PV28,CR27,105.8
PV28,CR28,103.5
PV28,CR29,572.4
PV28,CR30,139.8
PV28,CR31,0.3
PV28,CR32,2.9
PV28,CR33,18.8
PV28,CR34,8.6
PV28,CR35,4.4
PV28,CR36,4.1
PV28,CR37,0.9
PV28,CR38,0.3
PV28,CR39,1.8
PV28,CR40,2.2
PV29,NL10,161.4
PV29,NL00,162.4
PV29,ND99,0.9
PV29,PV20,0.1
PV29,PV21,0.0
PV29,PV22,0.0
PV29,PV23,0.2
PV29,PV24,0.1
PV29,PV25,0.7
PV29,PV26,1.1
PV29,PV27,3.0
PV29,PV28,10.6
PV29,PV29,133.6
PV29,PV30,11.4
PV29,PV31,0.5
PV29,CR01,0.0
PV29,CR02,0.1
PV29,CR03,0.0
PV29,CR04,0.0
PV29,CR05,0.0
PV29,CR06,0.0
PV29,CR07,0.0
PV29,CR08,0.0
PV29,CR09,0.0
PV29,CR10,0.0
PV29,CR11,0.0
PV29,CR12,0.1
PV29,CR13,0.3
PV29,CR14,0.1
PV29,CR15,0.1
PV29,CR16,0.1
PV29,CR17,1.1
PV29,CR18,1.1
PV29,CR19,0.0
PV29,CR20,0.1
PV29,CR21,0.0
PV29,CR22,0.0
PV29,CR23,1.6
PV29,CR24,0.2
PV29,CR25,0.1
PV29,CR26,1.1
PV29,CR27,0.6
PV29,CR28,0.4
PV29,CR29,7.3
PV29,CR30,1.1
PV29,CR31,36.7
PV29,CR32,96.8
PV29,CR33,9.7
PV29,CR34,0.9
PV29,CR35,0.3
PV29,CR36,0.5
PV29,CR37,0.1
PV29,CR38,0.2
PV29,CR39,0.2
PV29,CR40,0.1
PV30,NL10,1143.3
PV30,NL00,1145.0
PV30,ND99,1.7
PV30,PV20,0.4
PV30,PV21,0.6
PV30,PV22,0.5
PV30,PV23,2.6
PV30,PV24,1.2
PV30,PV25,32.8
PV30,PV26,20.9
PV30,PV27,17.0
PV30,PV28,47.8
PV30,PV29,5.4
PV30,PV30,992.0
PV30,PV31,22.0
PV30,CR01,0.0
PV30,CR02,0.0
PV30,CR03,0.4
PV30,CR04,0.2
PV30,CR05,0.2
PV30,CR06,0.1
PV30,CR07,0.1
PV30,CR08,0.1
PV30,CR09,0.2
PV30,CR10,0.6
PV30,CR11,0.9
PV30,CR12,1.3
PV30,CR13,3.6
PV30,CR14,1.9
PV30,CR15,16.8
PV30,CR16,10.5
PV30,CR17,20.9
PV30,CR18,0.7
PV30,CR19,0.3
PV30,CR20,0.3
PV30,CR21,1.0
PV30,CR22,0.5
PV30,CR23,12.7
PV30,CR24,1.7
PV30,CR25,0.9
PV30,CR26,6.6
PV30,CR27,1.8
PV30,CR28,1.7
PV30,CR29,21.5
PV30,CR30,15.4
PV30,CR31,1.2
PV30,CR32,4.2
PV30,CR33,240.7
PV30,CR34,180.9
PV30,CR35,250.2
PV30,CR36,320.2
PV30,CR37,10.5
PV30,CR38,6.4
PV30,CR39,5.2
PV30,CR40,1.2
PV31,NL10,479.5
PV31,NL00,480.6
PV31,ND99,1.1
PV31,PV20,0.1
PV31,PV21,0.2
PV31,PV22,0.2
PV31,PV23,1.0
PV31,PV24,0.4
PV31,PV25,9.3
PV31,PV26,3.5
PV31,PV27,4.9
PV31,PV28,3.8
PV31,PV29,0.6
PV31,PV30,38.0
PV31,PV31,417.4
PV31,CR01,0.0
PV31,CR02,0.0
PV31,CR03,0.1
PV31,CR04,0.0
PV31,CR05,0.1
PV31,CR06,0.0
PV31,CR07,0.0
PV31,CR08,0.0
PV31,CR09,0.2
PV31,CR10,0.2
PV31,CR11,0.3
PV31,CR12,0.6
PV31,CR13,1.0
PV31,CR14,0.9
PV31,CR15,6.8
PV31,CR16,0.7
PV31,CR17,3.5
PV31,CR18,1.2
PV31,CR19,0.1
PV31,CR20,0.1
PV31,CR21,0.1
PV31,CR22,0.1
PV31,CR23,3.0
PV31,CR24,0.4
PV31,CR25,0.1
PV31,CR26,1.2
PV31,CR27,0.1
PV31,CR28,0.3
PV31,CR29,1.6
PV31,CR30,0.4
PV31,CR31,0.2
PV31,CR32,0.4
PV31,CR33,2.8
PV31,CR34,2.1
PV31,CR35,8.5
PV31,CR36,24.6
PV31,CR37,105.1
PV31,CR38,84.9
PV31,CR39,227.4
PV31,CR40,0.4
CR01,NL10,59.3
CR01,NL00,59.3
CR01,ND99,0.0
CR01,PV20,47.3
CR01,PV21,0.6
CR01,PV22,7.6
CR01,PV23,0.8
CR01,PV24,0.3
CR01,PV25,0.9
CR01,PV26,0.4
CR01,PV27,0.6
CR01,PV28,0.5
CR01,PV29,0.0
CR01,PV30,0.3
CR01,PV31,0.0
CR01,CR01,35.8
CR01,CR02,1.2
CR01,CR03,10.2
CR01,CR04,0.2
CR01,CR05,0.0
CR01,CR06,0.3
CR01,CR07,3.0
CR01,CR08,3.9
CR01,CR09,0.6
CR01,CR10,0.4
CR01,CR11,0.1
CR01,CR12,0.3
CR01,CR13,0.6
CR01,CR14,0.2
CR01,CR15,0.1
CR01,CR16,0.0
CR01,CR17,0.4
CR01,CR18,0.1
CR01,CR19,0.0
CR01,CR20,0.0
CR01,CR21,0.0
CR01,CR22,0.0
CR01,CR23,0.3
CR01,CR24,0.0
CR01,CR25,0.0
CR01,CR26,0.2
CR01,CR27,0.0
CR01,CR28,0.0
CR01,CR29,0.2
CR01,CR30,0.1
CR01,CR31,0.0
CR01,CR32,0.0
CR01,CR33,0.0
CR01,CR34,0.2
CR01,CR35,0.0
CR01,CR36,0.0
CR01,CR37,0.0
CR01,CR38,0.0
CR01,CR39,0.0
CR01,CR40,0.3
CR02,NL10,19.1
CR02,NL00,19.1
CR02,ND99,0.0
CR02,PV20,16.7
CR02,PV21,0.3
CR02,PV22,0.8
CR02,PV23,0.2
CR02,PV24,0.0
CR02,PV25,0.1
CR02,PV26,0.1
CR02,PV27,0.4
CR02,PV28,0.2
CR02,PV29,0.0
CR02,PV30,0.1
CR02,PV31,0.0
CR02,CR01,1.2
CR02,CR02,9.9
CR02,CR03,5.8
CR02,CR04,0.1
CR02,CR05,0.0
CR02,CR06,0.1
CR02,CR07,0.5
CR02,CR08,0.3
CR02,CR09,0.0
CR02,CR10,0.1
CR02,CR11,0.0
CR02,CR12,0.0
CR02,CR13,0.0
CR02,CR14,0.0
CR02,CR15,0.0
CR02,CR16,0.0
CR02,CR17,0.1
CR02,CR18,0.2
CR02,CR19,0.0
CR02,CR20,0.0
CR02,CR21,0.0
CR02,CR22,0.0
CR02,CR23,0.1
CR02,CR24,0.0
CR02,CR25,0.0
CR02,CR26,0.0
CR02,CR27,0.0
CR02,CR28,0.0
CR02,CR29,0.1
CR02,CR30,0.0
CR02,CR31,0.0
CR02,CR32,0.0
CR02,CR33,0.0
CR02,CR34,0.0
CR02,CR35,0.0
CR02,CR36,0.0
CR02,CR37,0.0
CR02,CR38,0.0
CR02,CR39,0.0
CR02,CR40,0.0
CR03,NL10,172.7
CR03,NL00,172.8
CR03,ND99,0.1
CR03,PV20,134.9
CR03,PV21,9.0
CR03,PV22,14.8
CR03,PV23,3.2
CR03,PV24,0.7
CR03,PV25,2.0
CR03,PV26,1.9
CR03,PV27,3.3
CR03,PV28,1.7
CR03,PV29,0.0
CR03,PV30,0.9
CR03,PV31,0.2
CR03,CR01,3.9
CR03,CR02,3.1
CR03,CR03,127.9
CR03,CR04,3.9
CR03,CR05,0.7
CR03,CR06,4.4
CR03,CR07,11.0
CR03,CR08,1.8
CR03,CR09,2.0
CR03,CR10,1.7
CR03,CR11,0.4
CR03,CR12,1.1
CR03,CR13,0.8
CR03,CR14,0.6
CR03,CR15,0.4
CR03,CR16,0.1
CR03,CR17,1.9
CR03,CR18,1.0
CR03,CR19,0.2
CR03,CR20,0.1
CR03,CR21,0.0
CR03,CR22,0.1
CR03,CR23,1.7
CR03,CR24,0.2
CR03,CR25,0.1
CR03,CR26,0.5
CR03,CR27,0.0
CR03,CR28,0.1
CR03,CR29,0.7
CR03,CR30,0.2
CR03,CR31,0.0
CR03,CR32,0.0
CR03,CR33,0.2
CR03,CR34,0.3
CR03,CR35,0.2
CR03,CR36,0.2
CR03,CR37,0.0
CR03,CR38,0.0
CR03,CR39,0.1
CR03,CR40,0.7
CR04,NL10,134.8
CR04,NL00,134.9
CR04,ND99,0.1
CR04,PV20,5.7
CR04,PV21,115.5
CR04,PV22,1.9
CR04,PV23,1.6
CR04,PV24,0.7
CR04,PV25,1.4
CR04,PV26,1.3
CR04,PV27,4.2
CR04,PV28,1.5
CR04,PV29,0.0
CR04,PV30,0.9
CR04,PV31,0.1
CR04,CR01,0.1
CR04,CR02,0.3
CR04,CR03,5.3
CR04,CR04,98.7
CR04,CR05,5.1
CR04,CR06,11.8
CR04,CR07,0.7
CR04,CR08,0.3
CR04,CR09,0.7
CR04,CR10,1.0
CR04,CR11,0.4
CR04,CR12,0.3
CR04,CR13,0.8
CR04,CR14,0.2
CR04,CR15,0.3
CR04,CR16,0.1
CR04,CR17,1.3
CR04,CR18,1.5
CR04,CR19,0.2
CR04,CR20,0.2
CR04,CR21,0.0
CR04,CR22,0.1
CR04,CR23,1.7
CR04,CR24,0.2
CR04,CR25,0.1
CR04,CR26,0.4
CR04,CR27,0.0
CR04,CR28,0.1
CR04,CR29,0.6
CR04,CR30,0.2
CR04,CR31,0.0
CR04,CR32,0.0
CR04,CR33,0.3
CR04,CR34,0.3
CR04,CR35,0.1
CR04,CR36,0.3
CR04,CR37,0.0
CR04,CR38,0.0
CR04,CR39,0.0
CR04,CR40,0.7
CR05,NL10,56.4
CR05,NL00,56.4
CR05,ND99,0.0
CR05,PV20,0.8
CR05,PV21,46.5
CR05,PV22,1.0
CR05,PV23,1.1
CR05,PV24,2.2
CR05,PV25,0.6
CR05,PV26,0.6
CR05,PV27,2.5
CR05,PV28,0.6
CR05,PV29,0.0
CR05,PV30,0.4
CR05,PV31,0.0
CR05,CR01,0.0
CR05,CR02,0.0
CR05,CR03,0.7
CR05,CR04,5.9
CR05,CR05,34.2
CR05,CR06,6.3
CR05,CR07,0.2
CR05,CR08,0.2
CR05,CR09,0.6
CR05,CR10,0.9
CR05,CR11,0.2
CR05,CR12,0.1
CR05,CR13,0.3
CR05,CR14,0.0
CR05,CR15,0.1
CR05,CR16,0.0
CR05,CR17,0.6
CR05,CR18,1.0
CR05,CR19,0.1
CR05,CR20,0.1
CR05,CR21,0.0
CR05,CR22,0.1
CR05,CR23,0.9
CR05,CR24,0.2
CR05,CR25,0.1
CR05,CR26,0.2
CR05,CR27,0.0
CR05,CR28,0.0
CR05,CR29,0.3
CR05,CR30,0.1
CR05,CR31,0.0
CR05,CR32,0.0
CR05,CR33,0.1
CR05,CR34,0.1
CR05,CR35,0.0
CR05,CR36,0.1
CR05,CR37,0.0
CR05,CR38,0.0
CR05,CR39,0.0
CR05,CR40,2.2
CR06,NL10,78.2
CR06,NL00,78.2
CR06,ND99,0.0
CR06,PV20,4.4
CR06,PV21,59.5
CR06,PV22,5.1
CR06,PV23,3.0
CR06,PV24,1.0
CR06,PV25,1.0
CR06,PV26,1.2
CR06,PV27,1.7
CR06,PV28,0.8
CR06,PV29,0.0
CR06,PV30,0.6
CR06,PV31,0.1
CR06,CR01,0.1
CR06,CR02,0.0
CR06,CR03,4.3
CR06,CR04,6.6
CR06,CR05,2.9
CR06,CR06,49.9
CR06,CR07,2.3
CR06,CR08,0.4
CR06,CR09,2.4
CR06,CR10,2.5
CR06,CR11,0.3
CR06,CR12,0.2
CR06,CR13,0.6
CR06,CR14,0.1
CR06,CR15,0.2
CR06,CR16,0.1
CR06,CR17,1.2
CR06,CR18,0.4
CR06,CR19,0.1
CR06,CR20,0.1
CR06,CR21,0.0
CR06,CR22,0.0
CR06,CR23,0.9
CR06,CR24,0.2
CR06,CR25,0.0
CR06,CR26,0.3
CR06,CR27,0.0
CR06,CR28,0.0
CR06,CR29,0.3
CR06,CR30,0.1
CR06,CR31,0.0
CR06,CR32,0.0
CR06,CR33,0.1
CR06,CR34,0.1
CR06,CR35,0.1
CR06,CR36,0.1
CR06,CR37,0.0
CR06,CR38,0.0
CR06,CR39,0.0
CR06,CR40,1.0
CR07,NL10,81.2
CR07,NL00,81.2
CR07,ND99,0.0
CR07,PV20,18.8
CR07,PV21,2.5
CR07,PV22,52.6
CR07,PV23,2.1
CR07,PV24,0.3
CR07,PV25,1.1
CR07,PV26,1.0
CR07,PV27,1.3
CR07,PV28,0.7
CR07,PV29,0.0
CR07,PV30,0.5
CR07,PV31,0.1
CR07,CR01,1.7
CR07,CR02,0.3
CR07,CR03,16.9
CR07,CR04,0.7
CR07,CR05,0.1
CR07,CR06,1.7
CR07,CR07,45.7
CR07,CR08,2.5
CR07,CR09,4.3
CR07,CR10,1.3
CR07,CR11,0.3
CR07,CR12,0.5
CR07,CR13,0.5
CR07,CR14,0.1
CR07,CR15,0.5
CR07,CR16,0.1
CR07,CR17,1.0
CR07,CR18,0.3
CR07,CR19,0.0
CR07,CR20,0.0
CR07,CR21,0.0
CR07,CR22,0.0
CR07,CR23,0.7
CR07,CR24,0.1
CR07,CR25,0.0
CR07,CR26,0.3
CR07,CR27,0.0
CR07,CR28,0.1
CR07,CR29,0.3
CR07,CR30,0.1
CR07,CR31,0.0
CR07,CR32,0.0
CR07,CR33,0.1
CR07,CR34,0.1
CR07,CR35,0.1
CR07,CR36,0.2
CR07,CR37,0.0
CR07,CR38,0.0
CR07,CR39,0.0
CR07,CR40,0.3
CR08,NL10,68.7
CR08,NL00,68.7
CR08,ND99,0.0
CR08,PV20,5.6
CR08,PV21,0.8
CR08,PV22,53.6
CR08,PV23,4.1
CR08,PV24,0.1
CR08,PV25,1.1
CR08,PV26,0.7
CR08,PV27,1.0
CR08,PV28,0.8
CR08,PV29,0.0
CR08,PV30,0.4
CR08,PV31,0.1
CR08,CR01,3.4
CR08,CR02,0.1
CR08,CR03,2.2
CR08,CR04,0.2
CR08,CR05,0.0
CR08,CR06,0.5
CR08,CR07,3.9
CR08,CR08,44.6
CR08,CR09,5.0
CR08,CR10,2.7
CR08,CR11,0.3
CR08,CR12,1.1
CR08,CR13,0.7
CR08,CR14,0.1
CR08,CR15,0.3
CR08,CR16,0.0
CR08,CR17,0.7
CR08,CR18,0.3
CR08,CR19,0.0
CR08,CR20,0.1
CR08,CR21,0.0
CR08,CR22,0.0
CR08,CR23,0.5
CR08,CR24,0.1
CR08,CR25,0.0
CR08,CR26,0.1
CR08,CR27,0.0
CR08,CR28,0.0
CR08,CR29,0.6
CR08,CR30,0.1
CR08,CR31,0.0
CR08,CR32,0.0
CR08,CR33,0.1
CR08,CR34,0.2
CR08,CR35,0.1
CR08,CR36,0.1
CR08,CR37,0.0
CR08,CR38,0.0
CR08,CR39,0.1
CR08,CR40,0.1
CR09,NL10,56.1
CR09,NL00,56.1
CR09,ND99,0.0
CR09,PV20,1.3
CR09,PV21,1.6
CR09,PV22,38.7
CR09,PV23,9.7
CR09,PV24,0.5
CR09,PV25,1.4
CR09,PV26,0.9
CR09,PV27,1.1
CR09,PV28,0.6
CR09,PV29,0.0
CR09,PV30,0.4
CR09,PV31,0.1
CR09,CR01,0.2
CR09,CR02,0.0
CR09,CR03,1.1
CR09,CR04,0.3
CR09,CR05,0.2
CR09,CR06,1.0
CR09,CR07,2.4
CR09,CR08,1.6
CR09,CR09,34.6
CR09,CR10,8.8
CR09,CR11,0.4
CR09,CR12,0.5
CR09,CR13,1.0
CR09,CR14,0.2
CR09,CR15,0.3
CR09,CR16,0.1
CR09,CR17,0.9
CR09,CR18,0.2
CR09,CR19,0.0
CR09,CR20,0.0
CR09,CR21,0.0
CR09,CR22,0.0
CR09,CR23,0.7
CR09,CR24,0.1
CR09,CR25,0.1
CR09,CR26,0.2
CR09,CR27,0.0
CR09,CR28,0.0
CR09,CR29,0.3
CR09,CR30,0.1
CR09,CR31,0.0
CR09,CR32,0.0
CR09,CR33,0.1
CR09,CR34,0.2
CR09,CR35,0.1
CR09,CR36,0.1
CR09,CR37,0.0
CR09,CR38,0.0
CR09,CR39,0.0
CR09,CR40,0.5
CR10,NL10,168.1
CR10,NL00,168.3
CR10,ND99,0.1
CR10,PV20,1.2
CR10,PV21,2.8
CR10,PV22,11.0
CR10,PV23,125.8
CR10,PV24,4.9
CR10,PV25,12.7
CR10,PV26,3.1
CR10,PV27,3.0
CR10,PV28,1.8
CR10,PV29,0.0
CR10,PV30,1.3
CR10,PV31,0.3
CR10,CR01,0.1
CR10,CR02,0.0
CR10,CR03,1.0
CR10,CR04,0.8
CR10,CR05,0.5
CR10,CR06,1.6
CR10,CR07,0.9
CR10,CR08,1.6
CR10,CR09,8.5
CR10,CR10,116.6
CR10,CR11,4.1
CR10,CR12,5.1
CR10,CR13,10.4
CR10,CR14,1.0
CR10,CR15,1.3
CR10,CR16,0.2
CR10,CR17,3.1
CR10,CR18,0.4
CR10,CR19,0.1
CR10,CR20,0.1
CR10,CR21,0.0
CR10,CR22,0.0
CR10,CR23,1.8
CR10,CR24,0.5
CR10,CR25,0.1
CR10,CR26,0.8
CR10,CR27,0.0
CR10,CR28,0.1
CR10,CR29,0.5
CR10,CR30,0.2
CR10,CR31,0.0
CR10,CR32,0.0
CR10,CR33,0.3
CR10,CR34,0.4
CR10,CR35,0.4
CR10,CR36,0.4
CR10,CR37,0.1
CR10,CR38,0.0
CR10,CR39,0.1
CR10,CR40,4.9
CR11,NL10,70.8
CR11,NL00,70.8
CR11,ND99,0.1
CR11,PV20,0.2
CR11,PV21,0.2
CR11,PV22,0.6
CR11,PV23,51.5
CR11,PV24,0.3
CR11,PV25,13.4
CR11,PV26,1.9
CR11,PV27,1.2
CR11,PV28,0.8
CR11,PV29,0.0
CR11,PV30,0.7
CR11,PV31,0.1
CR11,CR01,0.0
CR11,CR02,0.0
CR11,CR03,0.2
CR11,CR04,0.1
CR11,CR05,0.0
CR11,CR06,0.0
CR11,CR07,0.1
CR11,CR08,0.1
CR11,CR09,0.4
CR11,CR10,6.6
CR11,CR11,41.4
CR11,CR12,3.5
CR11,CR13,9.1
CR11,CR14,2.7
CR11,CR15,1.4
CR11,CR16,0.1
CR11,CR17,1.9
CR11,CR18,0.0
CR11,CR19,0.0
CR11,CR20,0.0
CR11,CR21,0.0
CR11,CR22,0.0
CR11,CR23,0.9
CR11,CR24,0.1
CR11,CR25,0.0
CR11,CR26,0.4
CR11,CR27,0.0
CR11,CR28,0.0
CR11,CR29,0.2
CR11,CR30,0.1
CR11,CR31,0.0
CR11,CR32,0.0
CR11,CR33,0.1
CR11,CR34,0.2
CR11,CR35,0.2
CR11,CR36,0.2
CR11,CR37,0.0
CR11,CR38,0.0
CR11,CR39,0.0
CR11,CR40,0.3
CR12,NL10,276.9
CR12,NL00,277.2
CR12,ND99,0.3
CR12,PV20,0.8
CR12,PV21,0.7
CR12,PV22,2.5
CR12,PV23,249.3
CR12,PV24,0.6
CR12,PV25,13.5
CR12,PV26,2.8
CR12,PV27,2.5
CR12,PV28,1.8
CR12,PV29,0.0
CR12,PV30,1.9
CR12,PV31,0.6
CR12,CR01,0.1
CR12,CR02,0.0
CR12,CR03,0.6
CR12,CR04,0.2
CR12,CR05,0.2
CR12,CR06,0.2
CR12,CR07,0.6
CR12,CR08,1.1
CR12,CR09,0.9
CR12,CR10,6.9
CR12,CR11,6.5
CR12,CR12,235.8
CR12,CR13,4.4
CR12,CR14,6.8
CR12,CR15,2.0
CR12,CR16,0.2
CR12,CR17,2.8
CR12,CR18,0.1
CR12,CR19,0.0
CR12,CR20,0.1
CR12,CR21,0.1
CR12,CR22,0.0
CR12,CR23,1.8
CR12,CR24,0.3
CR12,CR25,0.2
CR12,CR26,0.5
CR12,CR27,0.1
CR12,CR28,0.2
CR12,CR29,0.6
CR12,CR30,0.2
CR12,CR31,0.0
CR12,CR32,0.0
CR12,CR33,0.5
CR12,CR34,0.4
CR12,CR35,0.4
CR12,CR36,0.6
CR12,CR37,0.1
CR12,CR38,0.1
CR12,CR39,0.4
CR12,CR40,0.6
CR13,NL10,299.8
CR13,NL00,300.9
CR13,ND99,1.1
CR13,PV20,0.5
CR13,PV21,1.2
CR13,PV22,0.9
CR13,PV23,19.4
CR13,PV24,6.1
CR13,PV25,220.2
CR13,PV26,33.0
CR13,PV27,8.4
CR13,PV28,5.1
CR13,PV29,0.2
CR13,PV30,4.2
CR13,PV31,0.6
CR13,CR01,0.0
CR13,CR02,0.0
CR13,CR03,0.3
CR13,CR04,0.5
CR13,CR05,0.2
CR13,CR06,0.5
CR13,CR07,0.1
CR13,CR08,0.1
CR13,CR09,0.7
CR13,CR10,10.9
CR13,CR11,5.8
CR13,CR12,2.9
CR13,CR13,204.2
CR13,CR14,3.4
CR13,CR15,10.8
CR13,CR16,1.7
CR13,CR17,33.0
CR13,CR18,0.5
CR13,CR19,0.1
CR13,CR20,0.1
CR13,CR21,0.2
CR13,CR22,0.1
CR13,CR23,5.3
CR13,CR24,2.0
CR13,CR25,0.4
CR13,CR26,1.8
CR13,CR27,0.2
CR13,CR28,0.5
CR13,CR29,1.5
CR13,CR30,0.7
CR13,CR31,0.0
CR13,CR32,0.2
CR13,CR33,0.8
CR13,CR34,0.9
CR13,CR35,1.3
CR13,CR36,1.1
CR13,CR37,0.3
CR13,CR38,0.2
CR13,CR39,0.3
CR13,CR40,6.1
CR14,NL10,176.5
CR14,NL00,176.7
CR14,ND99,0.2
CR14,PV20,0.1
CR14,PV21,1.0
CR14,PV22,0.5
CR14,PV23,15.7
CR14,PV24,0.4
CR14,PV25,150.3
CR14,PV26,2.6
CR14,PV27,1.8
CR14,PV28,1.7
CR14,PV29,0.0
CR14,PV30,2.0
CR14,PV31,0.5
CR14,CR01,0.0
CR14,CR02,0.0
CR14,CR03,0.1
CR14,CR04,0.2
CR14,CR05,0.0
CR14,CR06,0.8
CR14,CR07,0.0
CR14,CR08,0.1
CR14,CR09,0.2
CR14,CR10,1.3
CR14,CR11,5.2
CR14,CR12,9.1
CR14,CR13,9.1
CR14,CR14,123.6
CR14,CR15,17.3
CR14,CR16,0.4
CR14,CR17,2.6
CR14,CR18,0.0
CR14,CR19,0.1
CR14,CR20,0.0
CR14,CR21,0.0
CR14,CR22,0.0
CR14,CR23,1.2
CR14,CR24,0.3
CR14,CR25,0.1
CR14,CR26,0.5
CR14,CR27,0.0
CR14,CR28,0.2
CR14,CR29,0.6
CR14,CR30,0.3
CR14,CR31,0.0
CR14,CR32,0.0
CR14,CR33,0.3
CR14,CR34,0.4
CR14,CR35,0.8
CR14,CR36,0.6
CR14,CR37,0.3
CR14,CR38,0.1
CR14,CR39,0.1
CR14,CR40,0.4
CR15,NL10,327.1
CR15,NL00,327.6
CR15,ND99,0.5
CR15,PV20,0.3
CR15,PV21,0.3
CR15,PV22,0.3
CR15,PV23,5.6
CR15,PV24,0.8
CR15,PV25,270.6
CR15,PV26,12.2
CR15,PV27,5.9
CR15,PV28,4.8
CR15,PV29,0.2
CR15,PV30,20.7
CR15,PV31,5.2
CR15,CR01,0.0
CR15,CR02,0.0
CR15,CR03,0.2
CR15,CR04,0.2
CR15,CR05,0.1
CR15,CR06,0.1
CR15,CR07,0.0
CR15,CR08,0.0
CR15,CR09,0.2
CR15,CR10,1.9
CR15,CR11,1.4
CR15,CR12,2.1
CR15,CR13,18.1
CR15,CR14,10.1
CR15,CR15,236.5
CR15,CR16,6.0
CR15,CR17,12.2
CR15,CR18,0.2
CR15,CR19,0.0
CR15,CR20,0.1
CR15,CR21,0.3
CR15,CR22,0.2
CR15,CR23,4.4
CR15,CR24,0.6
CR15,CR25,0.3
CR15,CR26,1.7
CR15,CR27,0.1
CR15,CR28,0.4
CR15,CR29,1.5
CR15,CR30,0.8
CR15,CR31,0.0
CR15,CR32,0.2
CR15,CR33,1.0
CR15,CR34,1.7
CR15,CR35,13.5
CR15,CR36,4.5
CR15,CR37,3.9
CR15,CR38,0.4
CR15,CR39,0.9
CR15,CR40,0.8
CR16,NL10,107.1
CR16,NL00,107.2
CR16,ND99,0.1
CR16,PV20,0.1
CR16,PV21,0.0
CR16,PV22,0.1
CR16,PV23,0.4
CR16,PV24,0.3
CR16,PV25,67.0
CR16,PV26,16.2
CR16,PV27,2.6
CR16,PV28,7.9
CR16,PV29,0.0
CR16,PV30,11.9
CR16,PV31,0.5
CR16,CR01,0.0
CR16,CR02,0.0
CR16,CR03,0.0
CR16,CR04,0.0
CR16,CR05,0.0
CR16,CR06,0.0
CR16,CR07,0.0
CR16,CR08,0.0
CR16,CR09,0.0
CR16,CR10,0.1
CR16,CR11,0.0
CR16,CR12,0.2
CR16,CR13,2.3
CR16,CR14,0.3
CR16,CR15,5.0
CR16,CR16,59.5
CR16,CR17,16.2
CR16,CR18,0.0
CR16,CR19,0.0
CR16,CR20,0.0
CR16,CR21,0.0
CR16,CR22,0.0
CR16,CR23,1.9
CR16,CR24,0.4
CR16,CR25,0.2
CR16,CR26,0.7
CR16,CR27,0.1
CR16,CR28,0.4
CR16,CR29,1.5
CR16,CR30,5.0
CR16,CR31,0.0
CR16,CR32,0.0
CR16,CR33,1.0
CR16,CR34,2.0
CR16,CR35,7.6
CR16,CR36,1.5
CR16,CR37,0.3
CR16,CR38,0.1
CR16,CR39,0.1
CR16,CR40,0.3
CR17,NL10,593.6
CR17,NL00,594.3
CR17,ND99,0.7
CR17,PV20,0.6
CR17,PV21,0.7
CR17,PV22,0.5
CR17,PV23,4.1
CR17,PV24,5.0
CR17,PV25,36.6
CR17,PV26,432.9
CR17,PV27,66.1
CR17,PV28,32.1
CR17,PV29,0.3
CR17,PV30,12.8
CR17,PV31,1.9
CR17,CR01,0.0
CR17,CR02,0.0
CR17,CR03,0.5
CR17,CR04,0.2
CR17,CR05,0.2
CR17,CR06,0.2
CR17,CR07,0.2
CR17,CR08,0.1
CR17,CR09,0.3
CR17,CR10,1.8
CR17,CR11,1.0
CR17,CR12,1.3
CR17,CR13,21.2
CR17,CR14,1.5
CR17,CR15,6.8
CR17,CR16,7.2
CR17,CR17,432.9
CR17,CR18,0.5
CR17,CR19,0.3
CR17,CR20,0.5
CR17,CR21,1.1
CR17,CR22,0.8
CR17,CR23,46.7
CR17,CR24,16.2
CR17,CR25,2.9
CR17,CR26,7.5
CR17,CR27,1.3
CR17,CR28,7.1
CR17,CR29,9.0
CR17,CR30,4.3
CR17,CR31,0.0
CR17,CR32,0.2
CR17,CR33,2.2
CR17,CR34,3.1
CR17,CR35,4.1
CR17,CR36,3.4
CR17,CR37,0.5
CR17,CR38,0.4
CR17,CR39,1.1
CR17,CR40,5.0
CR18,NL10,167.0
CR18,NL00,167.2
CR18,ND99,0.2
CR18,PV20,0.1
CR18,PV21,1.2
CR18,PV22,0.2
CR18,PV23,0.5
CR18,PV24,2.7
CR18,PV25,1.4
CR18,PV26,1.7
CR18,PV27,155.0
CR18,PV28,3.1
CR18,PV29,0.1
CR18,PV30,0.9
CR18,PV31,0.3
CR18,CR01,0.0
CR18,CR02,0.0
CR18,CR03,0.1
CR18,CR04,0.5
CR18,CR05,0.3
CR18,CR06,0.4
CR18,CR07,0.0
CR18,CR08,0.1
CR18,CR09,0.0
CR18,CR10,0.2
CR18,CR11,0.2
CR18,CR12,0.1
CR18,CR13,0.7
CR18,CR14,0.1
CR18,CR15,0.1
CR18,CR16,0.4
CR18,CR17,1.7
CR18,CR18,110.6
CR18,CR19,18.0
CR18,CR20,3.2
CR18,CR21,0.9
CR18,CR22,2.7
CR18,CR23,19.1
CR18,CR24,0.4
CR18,CR25,0.3
CR18,CR26,1.1
CR18,CR27,0.4
CR18,CR28,0.2
CR18,CR29,0.9
CR18,CR30,0.2
CR18,CR31,0.0
CR18,CR32,0.0
CR18,CR33,0.3
CR18,CR34,0.2
CR18,CR35,0.1
CR18,CR36,0.2
CR18,CR37,0.1
CR18,CR38,0.1
CR18,CR39,0.1
CR18,CR40,2.7
CR19,NL10,105.5
CR19,NL00,105.6
CR19,ND99,0.1
CR19,PV20,0.1
CR19,PV21,0.3
CR19,PV22,0.0
CR19,PV23,0.2
CR19,PV24,0.6
CR19,PV25,0.4
CR19,PV26,1.7
CR19,PV27,99.4
CR19,PV28,1.8
CR19,PV29,0.0
CR19,PV30,0.7
CR19,PV31,0.1
CR19,CR01,0.0
CR19,CR02,0.0
CR19,CR03,0.0
CR19,CR04,0.1
CR19,CR05,0.0
CR19,CR06,0.0
CR19,CR07,0.0
CR19,CR08,0.0
CR19,CR09,0.0
CR19,CR10,0.1
CR19,CR11,0.0
CR19,CR12,0.0
CR19,CR13,0.1
CR19,CR14,0.0
CR19,CR15,0.1
CR19,CR16,0.1
CR19,CR17,1.7
CR19,CR18,7.2
CR19,CR19,63.8
CR19,CR20,8.2
CR19,CR21,1.9
CR19,CR22,2.9
CR19,CR23,15.1
CR19,CR24,0.3
CR19,CR25,0.3
CR19,CR26,0.5
CR19,CR27,0.1
CR19,CR28,0.2
CR19,CR29,0.6
CR19,CR30,0.1
CR19,CR31,0.0
CR19,CR32,0.0
CR19,CR33,0.2
CR19,CR34,0.2
CR19,CR35,0.1
CR19,CR36,0.2
CR19,CR37,0.0
CR19,CR38,0.0
CR19,CR39,0.0
CR19,CR40,0.6
CR20,NL10,90.8
CR20,NL00,90.9
CR20,ND99,0.1
CR20,PV20,0.0
CR20,PV21,0.1
CR20,PV22,0.1
CR20,PV23,0.2
CR20,PV24,0.4
CR20,PV25,0.4
CR20,PV26,1.4
CR20,PV27,84.8
CR20,PV28,2.8
CR20,PV29,0.0
CR20,PV30,0.6
CR20,PV31,0.1
CR20,CR01,0.0
CR20,CR02,0.0
CR20,CR03,0.0
CR20,CR04,0.0
CR20,CR05,0.0
CR20,CR06,0.0
CR20,CR07,0.0
CR20,CR08,0.0
CR20,CR09,0.0
CR20,CR10,0.0
CR20,CR11,0.0
CR20,CR12,0.0
CR20,CR13,0.2
CR20,CR14,0.0
CR20,CR15,0.1
CR20,CR16,0.1
CR20,CR17,1.4
CR20,CR18,0.7
CR20,CR19,5.0
CR20,CR20,46.4
CR20,CR21,11.2
CR20,CR22,4.0
CR20,CR23,17.0
CR20,CR24,0.5
CR20,CR25,0.8
CR20,CR26,0.8
CR20,CR27,0.1
CR20,CR28,0.2
CR20,CR29,0.7
CR20,CR30,0.1
CR20,CR31,0.0
CR20,CR32,0.0
CR20,CR33,0.1
CR20,CR34,0.2
CR20,CR35,0.1
CR20,CR36,0.2
CR20,CR37,0.0
CR20,CR38,0.0
CR20,CR39,0.0
CR20,CR40,0.4
CR21,NL10,99.5
CR21,NL00,99.7
CR21,ND99,0.1
CR21,PV20,0.0
CR21,PV21,0.0
CR21,PV22,0.0
CR21,PV23,0.1
CR21,PV24,0.4
CR21,PV25,0.7
CR21,PV26,2.1
CR21,PV27,88.4
CR21,PV28,6.7
CR21,PV29,0.0
CR21,PV30,0.8
CR21,PV31,0.2
CR21,CR01,0.0
CR21,CR02,0.0
CR21,CR03,0.0
CR21,CR04,0.0
CR21,CR05,0.0
CR21,CR06,0.0
CR21,CR07,0.0
CR21,CR08,0.0
CR21,CR09,0.0
CR21,CR10,0.0
CR21,CR11,0.0
CR21,CR12,0.0
CR21,CR13,0.3
CR21,CR14,0.0
CR21,CR15,0.2
CR21,CR16,0.1
CR21,CR17,2.1
CR21,CR18,0.4
CR21,CR19,0.9
CR21,CR20,3.5
CR21,CR21,45.7
CR21,CR22,1.3
CR21,CR23,35.8
CR21,CR24,0.7
CR21,CR25,2.8
CR21,CR26,2.0
CR21,CR27,0.3
CR21,CR28,0.3
CR21,CR29,1.1
CR21,CR30,0.1
CR21,CR31,0.0
CR21,CR32,0.0
CR21,CR33,0.1
CR21,CR34,0.2
CR21,CR35,0.2
CR21,CR36,0.2
CR21,CR37,0.0
CR21,CR38,0.0
CR21,CR39,0.2
CR21,CR40,0.4
CR22,NL10,75.8
CR22,NL00,75.9
CR22,ND99,0.1
CR22,PV20,0.0
CR22,PV21,0.0
CR22,PV22,0.0
CR22,PV23,0.2
CR22,PV24,0.6
CR22,PV25,0.4
CR22,PV26,1.4
CR22,PV27,70.1
CR22,PV28,2.4
CR22,PV29,0.0
CR22,PV30,0.6
CR22,PV31,0.1
CR22,CR01,0.0
CR22,CR02,0.0
CR22,CR03,0.0
CR22,CR04,0.0
CR22,CR05,0.0
CR22,CR06,0.0
CR22,CR07,0.0
CR22,CR08,0.0
CR22,CR09,0.0
CR22,CR10,0.0
CR22,CR11,0.0
CR22,CR12,0.1
CR22,CR13,0.2
CR22,CR14,0.0
CR22,CR15,0.1
CR22,CR16,0.1
CR22,CR17,1.4
CR22,CR18,0.8
CR22,CR19,1.3
CR22,CR20,3.1
CR22,CR21,1.2
CR22,CR22,34.0
CR22,CR23,29.2
CR22,CR24,0.6
CR22,CR25,0.5
CR22,CR26,1.0
CR22,CR27,0.1
CR22,CR28,0.1
CR22,CR29,0.5
CR22,CR30,0.1
CR22,CR31,0.0
CR22,CR32,0.0
CR22,CR33,0.1
CR22,CR34,0.2
CR22,CR35,0.1
CR22,CR36,0.1
CR22,CR37,0.0
CR22,CR38,0.0
CR22,CR39,0.0
CR22,CR40,0.6
CR23,NL10,603.9
CR23,NL00,604.9
CR23,ND99,1.0
CR23,PV20,0.5
CR23,PV21,0.6
CR23,PV22,0.4
CR23,PV23,1.8
CR23,PV24,5.9
CR23,PV25,5.7
CR23,PV26,24.8
CR23,PV27,527.5
CR23,PV28,28.3
CR23,PV29,0.2
CR23,PV30,6.8
CR23,PV31,1.4
CR23,CR01,0.0
CR23,CR02,0.0
CR23,CR03,0.5
CR23,CR04,0.2
CR23,CR05,0.2
CR23,CR06,0.2
CR23,CR07,0.1
CR23,CR08,0.1
CR23,CR09,0.2
CR23,CR10,0.7
CR23,CR11,0.3
CR23,CR12,0.9
CR23,CR13,2.0
CR23,CR14,0.8
CR23,CR15,2.0
CR23,CR16,0.8
CR23,CR17,24.8
CR23,CR18,4.2
CR23,CR19,3.7
CR23,CR20,3.6
CR23,CR21,10.3
CR23,CR22,9.1
CR23,CR23,486.4
CR23,CR24,10.1
CR23,CR25,8.5
CR23,CR26,8.8
CR23,CR27,1.3
CR23,CR28,2.5
CR23,CR29,6.2
CR23,CR30,0.9
CR23,CR31,0.0
CR23,CR32,0.2
CR23,CR33,1.2
CR23,CR34,2.0
CR23,CR35,1.5
CR23,CR36,2.0
CR23,CR37,0.2
CR23,CR38,0.2
CR23,CR39,1.0
CR23,CR40,5.9
CR24,NL10,103.9
CR24,NL00,104.0
CR24,ND99,0.1
CR24,PV20,0.1
CR24,PV21,0.2
CR24,PV22,0.1
CR24,PV23,0.5
CR24,PV24,3.9
CR24,PV25,2.2
CR24,PV26,19.1
CR24,PV27,74.0
CR24,PV28,2.5
CR24,PV29,0.0
CR24,PV30,1.3
CR24,PV31,0.2
CR24,CR01,0.0
CR24,CR02,0.0
CR24,CR03,0.0
CR24,CR04,0.0
CR24,CR05,0.0
CR24,CR06,0.0
CR24,CR07,0.0
CR24,CR08,0.0
CR24,CR09,0.0
CR24,CR10,0.2
CR24,CR11,0.0
CR24,CR12,0.1
CR24,CR13,1.3
CR24,CR14,0.2
CR24,CR15,0.5
CR24,CR16,0.3
CR24,CR17,19.1
CR24,CR18,0.1
CR24,CR19,0.1
CR24,CR20,0.1
CR24,CR21,0.3
CR24,CR22,0.3
CR24,CR23,20.0
CR24,CR24,52.9
CR24,CR25,0.3
CR24,CR26,0.7
CR24,CR27,0.1
CR24,CR28,0.3
CR24,CR29,0.8
CR24,CR30,0.2
CR24,CR31,0.0
CR24,CR32,0.0
CR24,CR33,0.3
CR24,CR34,0.3
CR24,CR35,0.3
CR24,CR36,0.4
CR24,CR37,0.0
CR24,CR38,0.0
CR24,CR39,0.1
CR24,CR40,3.9
CR25,NL10,195.7
CR25,NL00,196.0
CR25,ND99,0.2
CR25,PV20,0.1
CR25,PV21,0.1
CR25,PV22,0.1
CR25,PV23,0.3
CR25,PV24,0.3
CR25,PV25,1.4
CR25,PV26,4.0
CR25,PV27,29.1
CR25,PV28,158.1
CR25,PV29,0.2
CR25,PV30,1.4
CR25,PV31,0.4
CR25,CR01,0.0
CR25,CR02,0.0
CR25,CR03,0.0
CR25,CR04,0.0
CR25,CR05,0.0
CR25,CR06,0.0
CR25,CR07,0.0
CR25,CR08,0.0
CR25,CR09,0.0
CR25,CR10,0.1
CR25,CR11,0.0
CR25,CR12,0.1
CR25,CR13,0.3
CR25,CR14,0.2
CR25,CR15,0.6
CR25,CR16,0.3
CR25,CR17,4.0
CR25,CR18,0.3
CR25,CR19,0.2
CR25,CR20,0.8
CR25,CR21,3.1
CR25,CR22,0.3
CR25,CR23,23.9
CR25,CR24,0.6
CR25,CR25,119.6
CR25,CR26,22.7
CR25,CR27,2.3
CR25,CR28,7.0
CR25,CR29,5.8
CR25,CR30,0.6
CR25,CR31,0.0
CR25,CR32,0.2
CR25,CR33,0.4
CR25,CR34,0.4
CR25,CR35,0.3
CR25,CR36,0.4
CR25,CR37,0.2
CR25,CR38,0.0
CR25,CR39,0.2
CR25,CR40,0.3
CR26,NL10,350.5
CR26,NL00,350.9
CR26,ND99,0.4
CR26,PV20,0.2
CR26,PV21,0.2
CR26,PV22,0.1
CR26,PV23,0.5
CR26,PV24,0.5
CR26,PV25,2.2
CR26,PV26,7.0
CR26,PV27,19.0
CR26,PV28,316.1
CR26,PV29,0.4
CR26,PV30,3.8
CR26,PV31,0.6
CR26,CR01,0.0
CR26,CR02,0.0
CR26,CR03,0.2
CR26,CR04,0.2
CR26,CR05,0.0
CR26,CR06,0.0
CR26,CR07,0.0
CR26,CR08,0.0
CR26,CR09,0.0
CR26,CR10,0.2
CR26,CR11,0.2
CR26,CR12,0.2
CR26,CR13,0.6
CR26,CR14,0.4
CR26,CR15,0.6
CR26,CR16,0.4
CR26,CR17,7.0
CR26,CR18,0.3
CR26,CR19,0.2
CR26,CR20,0.4
CR26,CR21,0.8
CR26,CR22,0.3
CR26,CR23,16.3
CR26,CR24,0.9
CR26,CR25,13.2
CR26,CR26,245.6
CR26,CR27,22.0
CR26,CR28,5.2
CR26,CR29,27.8
CR26,CR30,2.2
CR26,CR31,0.0
CR26,CR32,0.3
CR26,CR33,1.5
CR26,CR34,1.0
CR26,CR35,0.6
CR26,CR36,0.9
CR26,CR37,0.1
CR26,CR38,0.0
CR26,CR39,0.3
CR26,CR40,0.5
CR27,NL10,105.3
CR27,NL00,105.4
CR27,ND99,0.1
CR27,PV20,0.0
CR27,PV21,0.0
CR27,PV22,0.0
CR27,PV23,0.1
CR27,PV24,0.1
CR27,PV25,0.6
CR27,PV26,1.5
CR27,PV27,3.1
CR27,PV28,97.8
CR27,PV29,0.1
CR27,PV30,1.7
CR27,PV31,0.2
CR27,CR01,0.0
CR27,CR02,0.0
CR27,CR03,0.0
CR27,CR04,0.0
CR27,CR05,0.0
CR27,CR06,0.0
CR27,CR07,0.0
CR27,CR08,0.0
CR27,CR09,0.0
CR27,CR10,0.0
CR27,CR11,0.0
CR27,CR12,0.1
CR27,CR13,0.1
CR27,CR14,0.1
CR27,CR15,0.1
CR27,CR16,0.1
CR27,CR17,1.5
CR27,CR18,0.1
CR27,CR19,0.2
CR27,CR20,0.1
CR27,CR21,0.1
CR27,CR22,0.0
CR27,CR23,2.4
CR27,CR24,0.2
CR27,CR25,1.5
CR27,CR26,22.6
CR27,CR27,60.9
CR27,CR28,0.9
CR27,CR29,11.2
CR27,CR30,0.8
CR27,CR31,0.0
CR27,CR32,0.1
CR27,CR33,0.8
CR27,CR34,0.4
CR27,CR35,0.2
CR27,CR36,0.3
CR27,CR37,0.0
CR27,CR38,0.0
CR27,CR39,0.1
CR27,CR40,0.1
CR28,NL10,138.8
CR28,NL00,138.9
CR28,ND99,0.2
CR28,PV20,0.1
CR28,PV21,0.1
CR28,PV22,0.0
CR28,PV23,0.3
CR28,PV24,0.3
CR28,PV25,1.3
CR28,PV26,13.5
CR28,PV27,11.8
CR28,PV28,109.0
CR28,PV29,0.2
CR28,PV30,1.8
CR28,PV31,0.2
CR28,CR01,0.0
CR28,CR02,0.0
CR28,CR03,0.0
CR28,CR04,0.0
CR28,CR05,0.0
CR28,CR06,0.0
CR28,CR07,0.0
CR28,CR08,0.0
CR28,CR09,0.0
CR28,CR10,0.1
CR28,CR11,0.0
CR28,CR12,0.1
CR28,CR13,0.4
CR28,CR14,0.2
CR28,CR15,0.3
CR28,CR16,0.4
CR28,CR17,13.5
CR28,CR18,0.2
CR28,CR19,0.0
CR28,CR20,0.1
CR28,CR21,0.3
CR28,CR22,0.1
CR28,CR23,10.4
CR28,CR24,0.6
CR28,CR25,9.1
CR28,CR26,8.7
CR28,CR27,1.1
CR28,CR28,74.7
CR28,CR29,13.4
CR28,CR30,1.9
CR28,CR31,0.0
CR28,CR32,0.2
CR28,CR33,0.8
CR28,CR34,0.4
CR28,CR35,0.4
CR28,CR36,0.4
CR28,CR37,0.1
CR28,CR38,0.0
CR28,CR39,0.1
CR28,CR40,0.3
CR29,NL10,622.2
CR29,NL00,622.8
CR29,ND99,0.6
CR29,PV20,0.4
CR29,PV21,0.5
CR29,PV22,0.3
CR29,PV23,0.9
CR29,PV24,0.7
CR29,PV25,4.1
CR29,PV26,12.1
CR29,PV27,16.8
CR29,PV28,566.8
CR29,PV29,2.1
CR29,PV30,16.3
CR29,PV31,1.1
CR29,CR01,0.0
CR29,CR02,0.1
CR29,CR03,0.3
CR29,CR04,0.1
CR29,CR05,0.2
CR29,CR06,0.1
CR29,CR07,0.1
CR29,CR08,0.0
CR29,CR09,0.1
CR29,CR10,0.3
CR29,CR11,0.2
CR29,CR12,0.4
CR29,CR13,1.1
CR29,CR14,0.7
CR29,CR15,1.2
CR29,CR16,1.1
CR29,CR17,12.1
CR29,CR18,0.4
CR29,CR19,0.2
CR29,CR20,0.2
CR29,CR21,0.5
CR29,CR22,0.5
CR29,CR23,13.8
CR29,CR24,1.3
CR29,CR25,3.7
CR29,CR26,27.6
CR29,CR27,18.4
CR29,CR28,12.5
CR29,CR29,482.2
CR29,CR30,22.3
CR29,CR31,0.2
CR29,CR32,2.0
CR29,CR33,10.1
CR29,CR34,3.2
CR29,CR35,1.6
CR29,CR36,1.4
CR29,CR37,0.3
CR29,CR38,0.1
CR29,CR39,0.6
CR29,CR40,0.7
CR30,NL10,180.1
CR30,NL00,180.3
CR30,ND99,0.2
CR30,PV20,0.1
CR30,PV21,0.1
CR30,PV22,0.0
CR30,PV23,0.3
CR30,PV24,0.3
CR30,PV25,4.4
CR30,PV26,9.3
CR30,PV27,3.7
CR30,PV28,150.7
CR30,PV29,0.3
CR30,PV30,10.7
CR30,PV31,0.3
CR30,CR01,0.0
CR30,CR02,0.0
CR30,CR03,0.0
CR30,CR04,0.0
CR30,CR05,0.0
CR30,CR06,0.0
CR30,CR07,0.0
CR30,CR08,0.0
CR30,CR09,0.0
CR30,CR10,0.1
CR30,CR11,0.0
CR30,CR12,0.1
CR30,CR13,0.5
CR30,CR14,0.2
CR30,CR15,0.4
CR30,CR16,3.3
CR30,CR17,9.3
CR30,CR18,0.1
CR30,CR19,0.0
CR30,CR20,0.1
CR30,CR21,0.2
CR30,CR22,0.2
CR30,CR23,2.6
CR30,CR24,0.4
CR30,CR25,0.6
CR30,CR26,2.2
CR30,CR27,1.0
CR30,CR28,3.0
CR30,CR29,31.9
CR30,CR30,111.9
CR30,CR31,0.0
CR30,CR32,0.3
CR30,CR33,5.1
CR30,CR34,3.3
CR30,CR35,1.4
CR30,CR36,0.7
CR30,CR37,0.1
CR30,CR38,0.0
CR30,CR39,0.2
CR30,CR40,0.3
CR31,NL10,41.2
CR31,NL00,41.3
CR31,ND99,0.1
CR31,PV20,0.0
CR31,PV21,0.0
CR31,PV22,0.0
CR31,PV23,0.0
CR31,PV24,0.0
CR31,PV25,0.2
CR31,PV26,0.2
CR31,PV27,0.8
CR31,PV28,1.0
CR31,PV29,37.1
CR31,PV30,1.6
CR31,PV31,0.1
CR31,CR01,0.0
CR31,CR02,0.0
CR31,CR03,0.0
CR31,CR04,0.0
CR31,CR05,0.0
CR31,CR06,0.0
CR31,CR07,0.0
CR31,CR08,0.0
CR31,CR09,0.0
CR31,CR10,0.0
CR31,CR11,0.0
CR31,CR12,0.0
CR31,CR13,0.0
CR31,CR14,0.0
CR31,CR15,0.0
CR31,CR16,0.0
CR31,CR17,0.2
CR31,CR18,0.2
CR31,CR19,0.0
CR31,CR20,0.0
CR31,CR21,0.0
CR31,CR22,0.0
CR31,CR23,0.5
CR31,CR24,0.0
CR31,CR25,0.0
CR31,CR26,0.1
CR31,CR27,0.0
CR31,CR28,0.0
CR31,CR29,0.6
CR31,CR30,0.2
CR31,CR31,34.4
CR31,CR32,2.9
CR31,CR33,1.0
CR31,CR34,0.3
CR31,CR35,0.1
CR31,CR36,0.1
CR31,CR37,0.0
CR31,CR38,0.0
CR31,CR39,0.0
CR31,CR40,0.0
CR32,NL10,120.2
CR32,NL00,121.0
CR32,ND99,0.8
CR32,PV20,0.1
CR32,PV21,0.0
CR32,PV22,0.0
CR32,PV23,0.1
CR32,PV24,0.1
CR32,PV25,0.6
CR32,PV26,0.9
CR32,PV27,2.2
CR32,PV28,9.5
CR32,PV29,96.4
CR32,PV30,9.7
CR32,PV31,0.4
CR32,CR01,0.0
CR32,CR02,0.1
CR32,CR03,0.0
CR32,CR04,0.0
CR32,CR05,0.0
CR32,CR06,0.0
CR32,CR07,0.0
CR32,CR08,0.0
CR32,CR09,0.0
CR32,CR10,0.0
CR32,CR11,0.0
CR32,CR12,0.1
CR32,CR13,0.3
CR32,CR14,0.0
CR32,CR15,0.1
CR32,CR16,0.1
CR32,CR17,0.9
CR32,CR18,0.9
CR32,CR19,0.0
CR32,CR20,0.0
CR32,CR21,0.0
CR32,CR22,0.0
CR32,CR23,1.1
CR32,CR24,0.2
CR32,CR25,0.1
CR32,CR26,0.9
CR32,CR27,0.6
CR32,CR28,0.2
CR32,CR29,6.7
CR32,CR30,0.9
CR32,CR31,2.3
CR32,CR32,94.1
CR32,CR33,8.6
CR32,CR34,0.5
CR32,CR35,0.2
CR32,CR36,0.4
CR32,CR37,0.0
CR32,CR38,0.0
CR32,CR39,0.2
CR32,CR40,0.1
CR33,NL10,282.5
CR33,NL00,283.0
CR33,ND99,0.5
CR33,PV20,0.1
CR33,PV21,0.1
CR33,PV22,0.1
CR33,PV23,0.5
CR33,PV24,0.3
CR33,PV25,2.3
CR33,PV26,4.2
CR33,PV27,4.2
CR33,PV28,27.0
CR33,PV29,4.3
CR33,PV30,237.8
CR33,PV31,1.4
CR33,CR01,0.0
CR33,CR02,0.0
CR33,CR03,0.1
CR33,CR04,0.1
CR33,CR05,0.1
CR33,CR06,0.0
CR33,CR07,0.0
CR33,CR08,0.0
CR33,CR09,0.0
CR33,CR10,0.1
CR33,CR11,0.2
CR33,CR12,0.3
CR33,CR13,0.7
CR33,CR14,0.3
CR33,CR15,0.6
CR33,CR16,0.7
CR33,CR17,4.2
CR33,CR18,0.0
CR33,CR19,0.1
CR33,CR20,0.1
CR33,CR21,0.4
CR33,CR22,0.1
CR33,CR23,3.1
CR33,CR24,0.3
CR33,CR25,0.3
CR33,CR26,3.0
CR33,CR27,1.0
CR33,CR28,0.8
CR33,CR29,14.7
CR33,CR30,7.0
CR33,CR31,0.8
CR33,CR32,3.6
CR33,CR33,214.7
CR33,CR34,15.0
CR33,CR35,4.1
CR33,CR36,3.9
CR33,CR37,0.5
CR33,CR38,0.2
CR33,CR39,0.7
CR33,CR40,0.3
CR34,NL10,217.3
CR34,NL00,217.6
CR34,ND99,0.3
CR34,PV20,0.0
CR34,PV21,0.1
CR34,PV22,0.1
CR34,PV23,0.5
CR34,PV24,0.3
CR34,PV25,4.5
CR34,PV26,4.5
CR34,PV27,2.8
CR34,PV28,11.7
CR34,PV29,0.6
CR34,PV30,190.3
CR34,PV31,2.1
CR34,CR01,0.0
CR34,CR02,0.0
CR34,CR03,0.0
CR34,CR04,0.0
CR34,CR05,0.0
CR34,CR06,0.0
CR34,CR07,0.0
CR34,CR08,0.0
CR34,CR09,0.0
CR34,CR10,0.1
CR34,CR11,0.2
CR34,CR12,0.2
CR34,CR13,0.5
CR34,CR14,0.6
CR34,CR15,1.0
CR34,CR16,2.4
CR34,CR17,4.5
CR34,CR18,0.0
CR34,CR19,0.0
CR34,CR20,0.0
CR34,CR21,0.2
CR34,CR22,0.0
CR34,CR23,2.1
CR34,CR24,0.3
CR34,CR25,0.2
CR34,CR26,1.2
CR34,CR27,0.3
CR34,CR28,0.3
CR34,CR29,3.5
CR34,CR30,6.1
CR34,CR31,0.2
CR34,CR32,0.3
CR34,CR33,19.6
CR34,CR34,142.8
CR34,CR35,15.5
CR34,CR36,12.4
CR34,CR37,0.5
CR34,CR38,0.4
CR34,CR39,1.1
CR34,CR40,0.3
CR35,NL10,299.3
CR35,NL00,299.7
CR35,ND99,0.4
CR35,PV20,0.1
CR35,PV21,0.1
CR35,PV22,0.1
CR35,PV23,1.1
CR35,PV24,0.3
CR35,PV25,21.4
CR35,PV26,7.4
CR35,PV27,5.0
CR35,PV28,5.1
CR35,PV29,0.3
CR35,PV30,251.6
CR35,PV31,7.0
CR35,CR01,0.0
CR35,CR02,0.0
CR35,CR03,0.1
CR35,CR04,0.0
CR35,CR05,0.0
CR35,CR06,0.0
CR35,CR07,0.0
CR35,CR08,0.0
CR35,CR09,0.0
CR35,CR10,0.2
CR35,CR11,0.4
CR35,CR12,0.5
CR35,CR13,1.6
CR35,CR14,0.7
CR35,CR15,12.9
CR35,CR16,6.2
CR35,CR17,7.4
CR35,CR18,0.2
CR35,CR19,0.0
CR35,CR20,0.1
CR35,CR21,0.4
CR35,CR22,0.2
CR35,CR23,3.7
CR35,CR24,0.5
CR35,CR25,0.3
CR35,CR26,1.1
CR35,CR27,0.3
CR35,CR28,0.3
CR35,CR29,1.8
CR35,CR30,1.5
CR35,CR31,0.0
CR35,CR32,0.1
CR35,CR33,3.4
CR35,CR34,13.9
CR35,CR35,210.8
CR35,CR36,23.3
CR35,CR37,5.4
CR35,CR38,0.9
CR35,CR39,0.8
CR35,CR40,0.3
CR36,NL10,344.1
CR36,NL00,344.7
CR36,ND99,0.6
CR36,PV20,0.2
CR36,PV21,0.1
CR36,PV22,0.2
CR36,PV23,0.7
CR36,PV24,0.3
CR36,PV25,4.6
CR36,PV26,4.8
CR36,PV27,5.0
CR36,PV28,3.9
CR36,PV29,0.3
CR36,PV30,312.4
CR36,PV31,11.5
CR36,CR01,0.0
CR36,CR02,0.0
CR36,CR03,0.1
CR36,CR04,0.0
CR36,CR05,0.0
CR36,CR06,0.0
CR36,CR07,0.0
CR36,CR08,0.0
CR36,CR09,0.0
CR36,CR10,0.1
CR36,CR11,0.2
CR36,CR12,0.4
CR36,CR13,0.7
CR36,CR14,0.4
CR36,CR15,2.3
CR36,CR16,1.2
CR36,CR17,4.8
CR36,CR18,0.5
CR36,CR19,0.1
CR36,CR20,0.0
CR36,CR21,0.2
CR36,CR22,0.1
CR36,CR23,3.7
CR36,CR24,0.5
CR36,CR25,0.2
CR36,CR26,1.1
CR36,CR27,0.3
CR36,CR28,0.3
CR36,CR29,1.5
CR36,CR30,0.7
CR36,CR31,0.2
CR36,CR32,0.1
CR36,CR33,3.0
CR36,CR34,9.2
CR36,CR35,19.8
CR36,CR36,280.5
CR36,CR37,4.1
CR36,CR38,4.9
CR36,CR39,2.6
CR36,CR40,0.3
CR37,NL10,131.4
CR37,NL00,131.7
CR37,ND99,0.3
CR37,PV20,0.0
CR37,PV21,0.0
CR37,PV22,0.1
CR37,PV23,0.3
CR37,PV24,0.1
CR37,PV25,6.7
CR37,PV26,0.9
CR37,PV27,0.9
CR37,PV28,0.9
CR37,PV29,0.0
CR37,PV30,15.8
CR37,PV31,105.3
CR37,CR01,0.0
CR37,CR02,0.0
CR37,CR03,0.0
CR37,CR04,0.0
CR37,CR05,0.0
CR37,CR06,0.0
CR37,CR07,0.0
CR37,CR08,0.0
CR37,CR09,0.1
CR37,CR10,0.0
CR37,CR11,0.1
CR37,CR12,0.2
CR37,CR13,0.5
CR37,CR14,0.2
CR37,CR15,5.6
CR37,CR16,0.3
CR37,CR17,0.9
CR37,CR18,0.0
CR37,CR19,0.0
CR37,CR20,0.0
CR37,CR21,0.0
CR37,CR22,0.0
CR37,CR23,0.7
CR37,CR24,0.1
CR37,CR25,0.0
CR37,CR26,0.4
CR37,CR27,0.1
CR37,CR28,0.1
CR37,CR29,0.3
CR37,CR30,0.1
CR37,CR31,0.0
CR37,CR32,0.0
CR37,CR33,0.4
CR37,CR34,0.5
CR37,CR35,6.4
CR37,CR36,8.6
CR37,CR37,96.7
CR37,CR38,6.3
CR37,CR39,2.2
CR37,CR40,0.1
CR38,NL10,105.3
CR38,NL00,105.5
CR38,ND99,0.2
CR38,PV20,0.1
CR38,PV21,0.0
CR38,PV22,0.0
CR38,PV23,0.2
CR38,PV24,0.1
CR38,PV25,0.9
CR38,PV26,0.9
CR38,PV27,1.8
CR38,PV28,1.0
CR38,PV29,0.2
CR38,PV30,12.5
CR38,PV31,87.7
CR38,CR01,0.0
CR38,CR02,0.0
CR38,CR03,0.1
CR38,CR04,0.0
CR38,CR05,0.0
CR38,CR06,0.0
CR38,CR07,0.0
CR38,CR08,0.0
CR38,CR09,0.0
CR38,CR10,0.0
CR38,CR11,0.0
CR38,CR12,0.1
CR38,CR13,0.2
CR38,CR14,0.1
CR38,CR15,0.4
CR38,CR16,0.1
CR38,CR17,0.9
CR38,CR18,0.9
CR38,CR19,0.0
CR38,CR20,0.0
CR38,CR21,0.0
CR38,CR22,0.0
CR38,CR23,0.7
CR38,CR24,0.1
CR38,CR25,0.0
CR38,CR26,0.3
CR38,CR27,0.0
CR38,CR28,0.0
CR38,CR29,0.4
CR38,CR30,0.1
CR38,CR31,0.0
CR38,CR32,0.1
CR38,CR33,0.4
CR38,CR34,0.7
CR38,CR35,1.0
CR38,CR36,10.4
CR38,CR37,6.8
CR38,CR38,70.1
CR38,CR39,10.7
CR38,CR40,0.1
CR39,NL10,242.9
CR39,NL00,243.4
CR39,ND99,0.5
CR39,PV20,0.1
CR39,PV21,0.0
CR39,PV22,0.0
CR39,PV23,0.5
CR39,PV24,0.2
CR39,PV25,1.7
CR39,PV26,1.7
CR39,PV27,2.2
CR39,PV28,1.9
CR39,PV29,0.4
CR39,PV30,9.7
CR39,PV31,224.6
CR39,CR01,0.0
CR39,CR02,0.0
CR39,CR03,0.1
CR39,CR04,0.0
CR39,CR05,0.0
CR39,CR06,0.0
CR39,CR07,0.0
CR39,CR08,0.0
CR39,CR09,0.0
CR39,CR10,0.1
CR39,CR11,0.1
CR39,CR12,0.3
CR39,CR13,0.3
CR39,CR14,0.6
CR39,CR15,0.7
CR39,CR16,0.2
CR39,CR17,1.7
CR39,CR18,0.2
CR39,CR19,0.0
CR39,CR20,0.0
CR39,CR21,0.0
CR39,CR22,0.0
CR39,CR23,1.6
CR39,CR24,0.2
CR39,CR25,0.0
CR39,CR26,0.5
CR39,CR27,0.1
CR39,CR28,0.1
CR39,CR29,1.0
CR39,CR30,0.2
CR39,CR31,0.1
CR39,CR32,0.3
CR39,CR33,2.0
CR39,CR34,1.0
CR39,CR35,1.1
CR39,CR36,5.6
CR39,CR37,1.6
CR39,CR38,8.5
CR39,CR39,214.4
CR39,CR40,0.2
CR40,NL10,182.3
CR40,NL00,183.1
CR40,ND99,0.9
CR40,PV20,0.3
CR40,PV21,1.5
CR40,PV22,0.9
CR40,PV23,6.3
CR40,PV24,99.5
CR40,PV25,10.3
CR40,PV26,12.3
CR40,PV27,45.2
CR40,PV28,3.6
CR40,PV29,0.0
CR40,PV30,2.0
CR40,PV31,0.5
CR40,CR01,0.0
CR40,CR02,0.0
CR40,CR03,0.3
CR40,CR04,0.4
CR40,CR05,0.6
CR40,CR06,0.5
CR40,CR07,0.1
CR40,CR08,0.1
CR40,CR09,0.6
CR40,CR10,5.6
CR40,CR11,0.3
CR40,CR12,0.3
CR40,CR13,8.7
CR40,CR14,0.6
CR40,CR15,0.7
CR40,CR16,0.4
CR40,CR17,12.3
CR40,CR18,1.0
CR40,CR19,0.3
CR40,CR20,0.3
CR40,CR21,0.5
CR40,CR22,0.7
CR40,CR23,32.6
CR40,CR24,9.9
CR40,CR25,0.4
CR40,CR26,1.1
CR40,CR27,0.1
CR40,CR28,0.3
CR40,CR29,1.2
CR40,CR30,0.4
CR40,CR31,0.0
CR40,CR32,0.0
CR40,CR33,0.5
CR40,CR34,0.4
CR40,CR35,0.4
CR40,CR36,0.6
CR40,CR37,0.2
CR40,CR38,0.1
CR40,CR39,0.2
CR40,CR40,99.5
